Date,Tweet,Likes,Retweets,Replies,Views,Username,Hashtags,Category
2026-01-01,Bitcoin is going to moon! The bull run is just starting. Hold strong and accumulate.,12500,3200,890,185000,@CryptoKing,#Bitcoin #BTC #Crypto #Bullish,Crypto
2026-01-02,Market crash is coming. Protect your investments now. Move to stablecoins.,5200,1400,620,92000,@MarketWatch,#MarketCrash #Trading #Risk,Finance
2026-01-03,AI is changing the future of technology. GPT models are revolutionizing everything.,20500,5800,1200,340000,@TechVision,#AI #GPT #Technology #Future,Technology
2026-01-04,This crypto project looks absolutely amazing! The tokenomics are solid.,9800,2600,450,156000,@CryptoKing,#Crypto #DeFi #Altcoins,Crypto
2026-01-05,I lost money in trading today. Worst day ever. Feeling devastated.,1500,280,920,45000,@TraderJoe,#Trading #Loss #Crypto,Finance
2026-01-06,Just launched my new SaaS startup! Check it out. Building the future.,18200,4200,780,290000,@StartupGuru,#Startup #SaaS #Entrepreneur,Business
2026-01-07,The metaverse is dead. Nobody cares about virtual worlds anymore.,3200,1800,1500,120000,@TechVision,#Metaverse #VR #Tech,Technology
2026-01-08,Web3 is the future of the internet. Decentralization will change everything.,15600,3800,670,245000,@CryptoKing,#Web3 #Decentralization #Blockchain,Crypto
2026-01-09,Elon Musk just tweeted about Dogecoin again. Here we go!,25000,8900,2100,520000,@MarketWatch,#Dogecoin #ElonMusk #Crypto,Crypto
2026-01-10,Machine learning engineers are in huge demand right now. Learn Python today.,11200,2900,540,178000,@TechVision,#MachineLearning #Python #Jobs,Technology
2026-01-11,NFTs are making a comeback. Digital art is being valued again.,7800,1900,380,134000,@CryptoKing,#NFT #DigitalArt #Crypto,Crypto
2026-01-12,Stock market hit all-time highs today. Bull market continues strong.,14300,3600,720,210000,@MarketWatch,#StockMarket #Investing #Bulls,Finance
2026-01-13,Terrible customer service from this company. Never buying again. Absolutely awful.,890,450,1800,67000,@ConsumerVoice,#CustomerService #Complaint,Business
2026-01-14,Climate change is real. We need to act now before it's too late.,16700,5200,1100,278000,@GreenFuture,#ClimateChange #Environment #Action,Social
2026-01-15,Just completed a 30-day coding challenge! Feeling accomplished and proud.,8900,2100,890,145000,@DevCoder,#Coding #Challenge #Programming,Technology
2026-01-16,Solana is the fastest blockchain. Ethereum cannot compete with this speed.,13400,3400,1600,198000,@CryptoKing,#Solana #Ethereum #Blockchain,Crypto
2026-01-17,The housing market is about to crash. Real estate bubble is real.,4500,2200,980,112000,@MarketWatch,#RealEstate #Housing #Bubble,Finance
2026-01-18,New iPhone release is disappointing. Same phone every year with minor upgrades.,6200,2800,2200,156000,@TechVision,#iPhone #Apple #Tech,Technology
2026-01-19,Amazing conference today! Met incredible founders and investors. Networking gold.,10500,2400,560,167000,@StartupGuru,#Conference #Networking #Startup,Business
2026-01-20,Cybersecurity threats are increasing. Protect your data and use 2FA.,12800,3100,670,195000,@TechVision,#Cybersecurity #DataProtection #Security,Technology
2026-01-21,Just hit 100K followers! Thank you all for the incredible support!,32000,9500,4200,680000,@CryptoKing,#Milestone #Community #Grateful,Social
2026-01-22,The Federal Reserve decision will shake the markets tomorrow. Brace yourselves.,8700,3200,890,178000,@MarketWatch,#FederalReserve #Markets #Economy,Finance
2026-01-23,Artificial intelligence will replace 40% of jobs in 5 years. Prepare now.,19800,6200,2800,356000,@TechVision,#AI #Jobs #Future #Automation,Technology
2026-01-24,Bitcoin dominance is rising. Altcoin season is over for now.,7600,1800,560,128000,@CryptoKing,#Bitcoin #Altcoins #Dominance,Crypto
2026-01-25,My portfolio is down 50%. Worst investment decisions of my life.,2100,890,1200,89000,@TraderJoe,#Portfolio #Loss #Investing,Finance
2026-01-26,SpaceX successfully launched another mission. The future of space is here!,28000,7800,1800,490000,@TechVision,#SpaceX #Space #Technology,Technology
2026-01-27,DeFi protocols are getting hacked left and right. Security is a joke.,4800,2100,1400,112000,@CryptoKing,#DeFi #Hack #Security,Crypto
2026-01-28,Best productivity apps for 2026. Thread below with my top recommendations.,14200,3800,920,225000,@StartupGuru,#Productivity #Apps #Tools,Technology
2026-01-29,Inflation is eating our savings alive. The economy is struggling badly.,3600,1600,780,98000,@MarketWatch,#Inflation #Economy #Finance,Finance
2026-01-30,Just raised $5M Series A for my startup! Dreams do come true!,22000,6500,2400,380000,@StartupGuru,#Funding #SeriesA #Startup,Business
2026-01-31,The regulatory crackdown on crypto is unfair. Innovation is being stifled.,6800,2400,1100,145000,@CryptoKing,#Regulation #Crypto #Innovation,Crypto
2026-02-01,Python just became the most popular programming language worldwide!,17500,4600,890,265000,@DevCoder,#Python #Programming #Developer,Technology
2026-02-02,Gold is the ultimate safe haven. Forget crypto go traditional.,5400,1200,890,108000,@MarketWatch,#Gold #SafeHaven #Investing,Finance
2026-02-03,Launched my online course on blockchain development. Link in bio!,9200,2200,340,152000,@CryptoKing,#Blockchain #Education #Course,Crypto
2026-02-04,Mental health matters. Take breaks from social media. Your brain needs rest.,21000,7200,3200,410000,@GreenFuture,#MentalHealth #SelfCare #Wellness,Social
2026-02-05,This bear market is brutal. But diamonds are made under pressure.,7400,1900,670,134000,@TraderJoe,#BearMarket #Crypto #Motivation,Crypto
2026-02-06,Quantum computing will break all encryption within 10 years.,16200,4800,1500,278000,@TechVision,#QuantumComputing #Encryption #Future,Technology
2026-02-07,Revenue hit $1M ARR! Bootstrap journey paying off finally.,18900,5400,1800,312000,@StartupGuru,#Revenue #ARR #Bootstrap #Success,Business
2026-02-08,Ethereum merge was the best thing that happened to crypto.,11800,3000,780,189000,@CryptoKing,#Ethereum #Merge #Crypto,Crypto
2026-02-09,The gig economy is exploiting workers. We need better labor laws.,4200,1800,1100,98000,@ConsumerVoice,#GigEconomy #Labor #Rights,Social
2026-02-10,Cloud computing market expected to reach $1T by 2028. Invest wisely.,13600,3200,560,208000,@TechVision,#CloudComputing #AWS #Azure,Technology
2026-02-11,Just bought my first Bitcoin! Excited to join the crypto community.,8500,1600,890,128000,@TraderJoe,#Bitcoin #FirstBuy #Crypto,Crypto
2026-02-12,Tech layoffs continue across major companies. The industry is shifting.,5800,2600,1400,145000,@MarketWatch,#TechLayoffs #Jobs #Industry,Business
2026-02-13,Happy Valentine's Day to all the crypto traders holding through the dip!,15400,4200,2200,256000,@CryptoKing,#ValentinesDay #Crypto #HODL,Social
2026-02-14,AutoML is making data science accessible to everyone. No PhD required.,10200,2800,670,178000,@TechVision,#AutoML #DataScience #AI,Technology
2026-02-15,My startup failed after 3 years. Here are the lessons I learned. Thread.,24000,8200,3800,445000,@StartupGuru,#Startup #Failure #Lessons,Business
2026-02-16,Cardano ecosystem is growing rapidly. Smart contracts are live and thriving.,9600,2400,560,156000,@CryptoKing,#Cardano #SmartContracts #ADA,Crypto
2026-02-17,Interest rates might drop soon. Housing market could recover in Q3.,6800,1400,450,112000,@MarketWatch,#InterestRates #Housing #Economy,Finance
2026-02-18,Open source software is the backbone of modern technology. Contribute today!,12400,3600,780,198000,@DevCoder,#OpenSource #Software #Contribute,Technology
2026-02-19,Scam alert! Fake crypto airdrop circulating on social media. Don't click!,7200,4200,1800,167000,@CryptoKing,#ScamAlert #Crypto #Security,Crypto
2026-02-20,Absolutely love the new AI writing tools. Content creation has never been easier.,11600,2800,670,184000,@TechVision,#AI #ContentCreation #Writing,Technology
